标题,价格,销量
包邮新品三只松鼠纯每日坚果500g整罐装混合坚果孕妇健康零食早餐,49.9,4000人累计付款
三只松鼠每日坚果量贩罐装500g混合坚果休闲零食孕妇健康早餐整罐,49.9,2万人累计付款
三只松鼠罐装每日坚果500g休闲健康孕妇零食混合果干仁整罐大礼包,24.9,1000人累计付款
【tvb识货专属】三只松鼠罐装每日坚果500g健康孕妇休闲零食混合,26.9,700人累计付款
百亿补贴【三只松鼠_罐装每日坚果500g】孕妇健康休闲零食早餐,49.9,98人累计付款
【三只松鼠罐装每日坚果500g】孕妇健康休闲零食混合干果果仁早餐,24.9,42人累计付款
【三只松鼠罐装每日坚果500g】孕妇健康休闲零食混合干果果仁早餐,24.9,19人累计付款
三只松鼠每日坚果500g×1罐量贩罐装混合坚果炒货零食,39.9,28人累计付款
【三只松鼠罐装每日坚果500g】孕妇健康休闲零食混合干果果仁早餐,38.8,12人累计付款
【三只松鼠_罐装每日坚果500g】孕妇健康休闲零食混合早餐整罐,26.9,10人累计付款
【三只松鼠罐装每日坚果500g】孕妇健康休闲零食混合干果果仁早餐,40.75,91人累计付款
三只松鼠每日坚果500g罐装健康混合干果仁坚果休闲零食大礼包酥脆,26.9,6人累计付款
三只松鼠罐装每日纯坚果500g孕妇健康休闲零食核桃碧根果腰果早餐,39.9,100人累计付款
【三只松鼠每日坚果_量贩罐装纯坚果款/500g】6种坚果100%纯坚果-,49.8,15人累计付款
三只松鼠罐装全坚果纯每日坚果500g健康孕妇休闲零食罐装每日坚果,27.0,11人累计付款
三只松鼠每日坚果量贩罐装500g混合坚果休闲零食孕妇健康早餐整罐,27.9,8人累计付款
【三只松鼠装每日坚果500g】健康休闲孕妇零食混合干果每日坚果,21.9,400人累计付款
【三只松鼠_罐装每日坚果500g】孕妇健康休闲零食混合早餐整罐,23.0,6人累计付款
【三只松鼠罐装每日坚果500g】孕妇健康休闲零食混合干果果仁早餐,23.89,8人累计付款
三只松鼠每日坚果量贩罐装500g孕妇健康混合干果炒货零食店,21.9,7人累计付款
【三只松鼠_罐装每日坚果500g】孕妇健康休闲零食混合干果早餐整,19.9,5人累计付款
三只松鼠罐装每日坚果500g混合坚果孕妇健康零食休闲食品炒货美味,29.9,5人累计付款
三只松鼠每日坚果500g罐装孕妇健康小吃混合干果炒货休闲零食礼盒,19.9,5人累计付款
三只松鼠每日坚果量贩罐装500g孕妇健康混合干果炒货零食店,26.68,2人累计付款
三只松鼠每日坚果量贩罐装500g健康混合干果酥脆炒货零食大礼包,19.7,3人累计付款
三只松鼠罐装每日坚果500g孕妇儿童健康休闲零食品混合干果无添加,27.0,9人累计付款
【三只松鼠_罐装每日坚果500g】孕妇健康休闲零食混合早餐整罐,19.9,7人累计付款
新品三只松鼠每日纯坚果罐装500g益生菌混合孕妇零食礼盒30小包装,28.99,26人累计付款
【三只松鼠_罐装每日坚果500g】孕妇健康休闲零食混合早餐整罐,20.9,4人累计付款
三只松鼠每日坚果量贩罐装500g健康混合干果休闲零食酥脆店旗舰,25.9,23人累计付款
三只松鼠罐装全坚果纯每日坚果500g健康孕妇休闲零食三只松鼠坚果,23.9,4人累计付款
新日期三只松鼠每日坚果500g*2罐装孕妇健康混合干果炒货零食礼盒,21.8,7人累计付款
三只松鼠每日坚果礼盒750g混合30独小包装孕妇营养零食纯罐装500g,25.95,6人累计付款
【三只松鼠_罐装每日坚果500g】孕妇健康休闲零食混合早餐整罐,43.8,2人累计付款
三只松鼠每日坚果量贩罐装500g混合坚果炒货零食大礼包店,27.8,3人累计付款
三只松鼠每日纯坚果仁量贩罐装500g孕妇儿童混合干果休闲解馋零食,28.8,8人累计付款
三只松鼠每日坚果量贩罐装500g孕妇健康混合干果仁炒货零食小吃,26.9,4人累计付款
临期特价三只松鼠每日坚果扁桃仁腰果仁葡萄干蔓越莓干核桃仁500g,20.28,44人累计付款
三只松鼠罐装全坚果纯每日坚果500g健康孕妇休闲零食罐装每日坚果,44.5,4人累计付款
三只松鼠罐装每日坚果500gx2罐孕妇健康休闲零食混合干果罐装坚果,19.9,6人累计付款
三只松鼠每日坚果量贩罐装500g混合坚果炒货零食大礼包官方店,19.9,7人累计付款
三只松鼠装每日坚果500g休闲零食混合装干果每日坚果1斤孕妇健康,39.9,3人累计付款
三只松鼠每日坚果500g网红混合果仁果干临期零食品特价低价清仓,20.2,67人累计付款
三只松鼠每日坚果量贩孕妇健康混合干果炒货葡萄干零食罐装500g,24.9,3人累计付款
三只松鼠每日坚果500g罐装混合果仁干果孕妇健康零食小吃,38.93,6人累计付款
三只松鼠纯每日坚果500g整罐量贩装混合坚果孕妇健康休闲零食早餐,21.8,3人累计付款
【三只松鼠每日坚果元气款500g】孕妇儿童健康休闲零食混合坚果干,27.0,8人累计付款
【三只松鼠_罐装每日坚果500g】孕妇健康休闲零食混合早餐整罐,29.9,5人累计付款
【三只松鼠_罐装大颗粒坚果碧根果500g】健康坚果休闲零食,54.9,53人累计付款
【三只松鼠_罐装大颗粒坚果500g】开心果松子夏威夷果腰果碧根果,45.9,4人累计付款
【三只松鼠_罐装大颗粒坚果500g】开心果松子夏威夷果腰果碧根果,39.9,3人累计付款
【三只松鼠_罐装大颗粒坚果500g】开心果松子夏威夷果腰果碧根果,39.9,78人累计付款
三只松鼠_量贩装夏威夷果500g坚果炒货零食每日坚果营养健康果干,48.9,4人累计付款
三只松鼠琥珀核桃仁500g一斤装混合坚果新货炒货休闲零食健康营养,21.8,15人累计付款
三只松鼠夏威夷果265gx3袋每日坚果散装网红零食小吃奶油口味500g,25.8,3人累计付款
